,Date,Name,Duration,Distance,Speed,UpHill,DownHill,type
0,2024-04-23,gedera betshenesh and return,3.23,54.18,16.8,379,379,tour_recorded
1,2024-04-20,Mountain Bike Ride,2.55,42.85,16.8,387,383,tour_recorded
2,2024-04-18,Mountain Bike Ride,1.63,27.91,17.1,239,243,tour_recorded
3,2024-04-15,בית שמש גדרה,3.14,52.04,16.6,438,418,tour_recorded
4,2024-04-13,גדרה פלמחים דרך שטח הצנחה,2.63,49.17,18.7,377,395,tour_recorded
5,2024-04-08,Road Ride,0.85,16.14,19.0,142,144,tour_recorded
6,2024-04-06,Road Ride,1.35,22.45,16.6,165,201,tour_recorded
7,2024-04-04,Road Ride,1.29,21.71,16.9,179,179,tour_recorded
8,2024-04-03,Road Ride,1.16,21.08,18.2,155,160,tour_recorded
9,2024-03-30,Road Ride,2.34,38.52,16.5,336,311,tour_recorded
10,2024-03-28,Road Ride,1.19,21.03,17.7,187,181,tour_recorded
11,2024-03-23,Road Ride,2.75,42.89,15.6,299,294,tour_recorded
12,2024-03-22,Road Ride,1.45,21.95,15.1,175,189,tour_recorded
13,2024-03-20,Road Ride,1.6,25.5,16.0,223,209,tour_recorded
14,2024-03-16,Road Ride,2.47,40.42,16.4,287,277,tour_recorded
15,2024-03-15,Road Ride,1.2,22.44,18.7,197,193,tour_recorded
16,2024-03-13,Road Ride,1.6,27.05,16.9,213,213,tour_recorded
17,2024-03-09,Road Ride,2.33,37.58,16.2,316,303,tour_recorded
18,2024-03-07,Road Ride,1.49,23.3,15.6,188,191,tour_recorded
19,2024-03-05,Road Ride,1.1,19.55,17.8,164,156,tour_recorded
20,2024-03-02,Road Ride,2.23,33.24,14.9,263,258,tour_recorded
21,2024-02-29,Road Ride,1.31,23.34,17.9,189,192,tour_recorded
22,2024-02-28,Road Ride,1.34,23.48,17.5,207,204,tour_recorded
23,2024-02-26,Road Ride,1.39,23.47,16.9,176,182,tour_recorded
24,2024-02-21,Road Ride,1.47,21.36,14.5,187,186,tour_recorded
25,2024-02-17,Road Ride,2.47,43.87,17.8,413,395,tour_recorded
26,2024-02-15,Road Ride,0.91,16.17,17.8,145,184,tour_recorded
27,2024-02-10,Road Ride,2.63,45.0,17.1,462,459,tour_recorded
28,2024-02-07,Road Ride,1.32,22.67,17.2,214,205,tour_recorded
29,2024-01-20,Road Ride,1.84,34.06,18.5,224,295,tour_recorded
30,2024-01-06,Road Ride,1.9,31.53,16.6,313,305,tour_recorded
31,2023-12-30,Road Ride,2.21,37.98,17.2,330,345,tour_recorded
32,2023-12-29,Road Ride,1.69,32.56,19.2,319,328,tour_recorded
33,2023-12-27,Road Ride,1.3,23.12,17.8,252,235,tour_recorded
34,2023-12-23,Road Ride,2.32,33.72,14.5,382,1022,tour_recorded
35,2023-12-20,Road Ride,1.27,23.52,18.6,252,258,tour_recorded
36,2023-12-16,Road Ride,1.99,35.14,17.6,318,329,tour_recorded
37,2023-12-14,Road Ride,1.85,29.61,16.0,283,290,tour_recorded
38,2023-12-12,Road Ride,1.22,22.53,18.5,254,250,tour_recorded
39,2023-12-10,Road Ride,1.64,27.57,16.8,267,258,tour_recorded
40,2023-12-08,three bridges,2.16,32.46,15.0,345,351,tour_recorded
41,2023-12-05,Road Ride,0.58,10.78,18.7,88,57,tour_recorded
42,2023-12-02,Road Ride,0.55,8.88,16.1,85,68,tour_recorded
43,2023-12-01,Yesodot,1.3,21.57,16.6,261,256,tour_recorded
44,2023-11-25,"Around Yavne,  Ben, Moshe",2.28,35.25,15.4,267,279,tour_recorded
45,2023-11-21,to zula and back,1.91,32.75,17.2,315,346,tour_recorded
46,2023-11-18,Road Ride,2.31,38.89,16.8,316,317,tour_recorded
47,2023-11-17,Road Ride,1.3,22.35,17.2,221,217,tour_recorded
48,2023-11-13,Road Ride,1.15,20.99,18.2,194,187,tour_recorded
49,2023-11-04,Road Ride,2.64,24.64,9.3,317,267,tour_recorded
50,2023-11-02,Road Ride,1.36,25.47,18.8,225,223,tour_recorded
51,2023-10-30,Hike,1.45,25.04,17.2,208,213,tour_recorded
52,2023-10-28,Road Ride,1.86,30.37,16.4,285,274,tour_recorded
53,2023-10-27,Road Ride,1.12,20.99,18.7,195,195,tour_recorded
54,2023-10-24,Road Ride,3.22,58.09,18.1,393,2272,tour_recorded
55,2023-10-23,Road Ride,1.31,22.0,16.8,219,215,tour_recorded
56,2023-10-21,Road Ride,1.94,30.65,15.8,310,316,tour_recorded
57,2023-10-19,Road Ride,1.37,22.81,16.6,267,251,tour_recorded
58,2023-10-18,Road Ride,1.31,21.49,16.5,336,326,tour_recorded
59,2023-10-16,Road Ride,1.44,20.9,14.5,297,211,tour_recorded
60,2023-09-02,Road Ride,1.92,33.96,17.7,291,292,tour_recorded
61,2023-08-31,Road Ride,1.14,21.57,18.8,186,187,tour_recorded
62,2023-08-29,Road Ride,1.38,24.57,17.8,219,218,tour_recorded
63,2023-08-26,Road Ride,2.37,38.29,16.2,301,299,tour_recorded
64,2023-08-24,Road Ride,1.58,28.62,18.1,212,208,tour_recorded
65,2023-08-22,Nordic Walking Tour,1.31,21.57,16.5,178,181,tour_recorded
66,2023-08-19,Road Ride,2.44,38.7,15.8,435,449,tour_recorded
67,2023-08-16,Road Ride,1.7,28.48,16.8,250,259,tour_recorded
68,2023-08-12,Road Ride,2.24,39.78,17.8,358,361,tour_recorded
69,2023-08-05,Road Ride,3.15,45.4,14.4,218,264,tour_recorded
70,2023-08-02,גדרה אשדוד ים עם ניר,2.25,36.06,16.0,338,351,tour_recorded
71,2023-07-31,Road Ride,1.81,30.53,16.9,257,259,tour_recorded
72,2023-07-29,Road Ride,2.66,39.63,14.9,348,354,tour_recorded
73,2023-07-27,Road Ride,1.51,27.31,18.1,217,222,tour_recorded
74,2023-07-12,Road Ride סיבוב מהיר לבית גמליאל,1.06,21.06,19.9,148,152,tour_recorded
75,2023-07-10,לחירבה ליד ישעי ןחזרה,2.75,47.62,17.3,415,415,tour_recorded
76,2023-07-08,Road Ride,3.28,48.19,14.7,324,339,tour_recorded
77,2023-07-04,רכיבת ערב עם אמרי 4.7.23,1.98,35.79,18.1,315,303,tour_recorded
78,2023-07-01,Road Ride,2.52,39.96,15.9,298,296,tour_recorded
79,2023-06-29,Road Ride,1.83,34.16,18.7,247,263,tour_recorded
80,2023-06-26,דרך מנדטורית. זולה יסודות וחזרה,2.35,39.75,16.9,374,361,tour_recorded
81,2023-06-26,הדרך המנדטורית כפר מנחם,1.81,32.17,17.8,265,271,tour_recorded
82,2023-06-24,גדרה-גבעת ברנר-מזכרת בתיה-תל יאקוט-גדרה,2.45,36.8,15.0,310,305,tour_recorded
83,2023-06-22,Road Ride,1.37,24.58,18.0,204,200,tour_recorded
84,2023-06-18,Road Ride,1.13,21.4,18.9,211,205,tour_recorded
85,2023-06-17,Road Ride חולדה משמר דוד זולה וחזרה,1.7,29.18,17.2,305,322,tour_recorded
86,2023-06-17,Road Ride,0.81,13.86,17.1,116,123,tour_recorded
87,2023-06-14,Road Ride,1.11,20.43,18.4,186,189,tour_recorded
88,2023-06-10,Road Ride ךסיבוב הזולה הארו,2.03,33.47,16.5,301,296,tour_recorded
89,2023-06-07,Road Ride,1.13,20.75,18.4,189,182,tour_recorded
90,2023-06-03,Road Ride,2.4,38.13,15.9,322,339,tour_recorded
91,2023-06-01,Road Ride,1.2,22.34,18.6,186,197,tour_recorded
92,2023-05-30,רגיל חזרה דרך קידרון,1.18,22.56,19.1,227,229,tour_recorded
93,2023-05-27,יער הקדושים לירושלים 2023,3.67,44.18,12.0,993,519,tour_recorded
94,2023-05-24,Road Ride,1.01,20.82,20.7,164,169,tour_recorded
95,2023-05-20,תל גזר ועין ירדא,3.3,51.77,15.7,483,490,tour_recorded
96,2023-05-16,Road Ride,1.18,21.32,18.0,191,185,tour_recorded
97,2023-05-13,Road Ride,2.06,35.25,17.1,344,346,tour_recorded
98,2023-05-08,Road Ride,1.14,21.44,18.8,232,240,tour_recorded
99,2023-05-06,Road Ride,2.45,36.56,14.9,366,342,tour_recorded
100,2023-05-05,Road Ride,0.48,8.48,17.5,90,83,tour_recorded
101,2023-05-03,Road Ride,1.86,31.9,17.2,320,313,tour_recorded
102,2023-04-30,Road Ride,1.3,22.28,17.1,189,186,tour_recorded
103,2023-04-28,Road Ride,3.47,62.45,18.0,607,821,tour_recorded
104,2023-04-25,Road Ride,2.82,44.85,15.9,513,523,tour_recorded
105,2023-04-22,Road Ride,2.1,34.01,16.2,343,344,tour_recorded
106,2023-04-20,Road Ride,1.28,22.18,17.4,190,185,tour_recorded
107,2023-04-19,Road Ride,1.27,22.16,17.4,218,218,tour_recorded
108,2023-04-15,Road Ride,2.61,43.81,16.8,356,348,tour_recorded
109,2023-04-10,Road Ride,1.82,30.51,16.7,269,273,tour_recorded
110,2023-04-08,Road Ride,2.01,31.17,15.5,276,261,tour_recorded
111,2023-04-06,Road Ride,1.34,22.63,16.9,183,190,tour_recorded
112,2023-04-04,Bike Tour,0.39,6.29,16.1,54,72,tour_recorded
113,2023-04-03,Road Ride,1.63,22.62,13.9,188,188,tour_recorded
114,2023-04-01,Road Ride,2.1,32.44,15.4,277,272,tour_recorded
115,2023-03-31,Road Ride,1.38,22.51,16.4,162,166,tour_recorded
116,2023-03-29,Road Ride,1.36,22.51,16.5,207,199,tour_recorded
117,2023-03-25,Road Ride,2.17,35.2,16.2,351,339,tour_recorded
118,2023-03-18,Road Ride,1.73,32.09,18.6,243,221,tour_recorded
119,2023-03-16,Road Ride,1.38,23.51,17.0,236,223,tour_recorded
120,2023-03-11,Road Ride,2.79,44.54,16.0,419,427,tour_recorded
121,2023-03-08,Road Ride,1.26,22.31,17.8,250,228,tour_recorded
122,2023-03-04,Bike Ride,1.94,33.9,17.5,357,345,tour_recorded
123,2023-03-02,Bike Ride,1.09,20.51,18.8,180,162,tour_recorded
124,2023-02-27,Bike Ride,1.17,20.54,17.6,159,155,tour_recorded
125,2023-02-25,Bike Ride,2.02,33.42,16.5,290,270,tour_recorded
126,2023-02-22,Bike Ride,1.84,31.12,16.9,293,283,tour_recorded
127,2023-02-18,Bike Ride,0.96,16.39,17.1,160,169,tour_recorded
128,2023-02-17,Bike Ride,1.45,20.42,14.1,216,212,tour_recorded
129,2023-02-11,Bike Ride,2.12,32.04,15.1,215,216,tour_recorded
130,2023-01-21,Bike Ride,2.13,34.07,16.0,294,290,tour_recorded
131,2023-01-19,Bike Ride,1.1,20.58,18.6,181,174,tour_recorded
132,2023-01-17,Bike Ride,1.38,18.09,13.1,125,155,tour_recorded
133,2022-12-31,Bike Ride,2.48,40.74,16.4,299,342,tour_recorded
134,2022-12-10,Bike Ride,1.95,30.42,15.6,241,214,tour_recorded
135,2022-11-12,Bike Ride,1.9,32.9,17.3,269,299,tour_recorded
136,2022-11-07,Bike Ride,1.11,20.99,18.9,151,153,tour_recorded
137,2022-11-05,Bike Ride,0.98,17.74,18.0,162,211,tour_recorded
138,2022-11-05,Bike Ride,0.86,14.01,16.3,172,111,tour_recorded
139,2022-10-24,Bike Ride,1.22,21.46,17.6,181,173,tour_recorded
140,2022-10-22,Bike Ride,2.36,41.76,17.7,512,510,tour_recorded
141,2022-10-19,Bike Ride,1.15,20.94,18.3,189,180,tour_recorded
142,2022-10-13,Mountaineering Tour,1.42,26.37,18.5,232,226,tour_recorded
143,2022-10-11,Bike Ride,2.52,40.46,16.1,364,403,tour_recorded
144,2022-10-08,Bike Ride,2.77,42.83,15.5,432,455,tour_recorded
145,2022-10-05,Bike Ride,2.46,8.68,3.5,100,96,tour_recorded
146,2022-10-01,Bike Ride,2.29,39.23,17.2,360,364,tour_recorded
147,2022-09-30,Bike Ride,1.24,22.4,18.0,234,249,tour_recorded
148,2022-09-27,Bike Ride,3.13,50.26,16.0,409,410,tour_recorded
149,2022-09-24,Bike Ride,2.05,31.88,15.6,297,290,tour_recorded
150,2022-09-23,Bike Ride,1.17,21.47,18.3,238,226,tour_recorded
151,2022-09-17,Bike Ride,2.37,38.68,16.3,416,407,tour_recorded
152,2022-09-15,Bike Ride,1.2,21.6,17.9,216,220,tour_recorded
153,2022-09-14,Bike Ride,1.21,21.68,17.9,183,189,tour_recorded
154,2022-09-08,Bike Ride,1.13,20.98,18.5,174,177,tour_recorded
155,2022-09-07,Bike Ride,1.1,6.91,6.3,34,66,tour_recorded
156,2022-09-06,Bike Ride,1.52,27.06,17.8,267,263,tour_recorded
157,2022-09-03,Bike Ride,2.42,40.76,16.9,399,407,tour_recorded
158,2022-08-30,Bike Ride,2.02,33.88,16.8,363,357,tour_recorded
159,2022-08-27,Bike Ride,2.37,45.24,19.1,443,436,tour_recorded
160,2022-08-23,to  Plmachim and back,2.89,47.8,16.6,439,451,tour_recorded
161,2022-08-20,Bike Ride,2.48,36.84,14.9,349,340,tour_recorded
162,2022-08-18,Bike Ride,1.87,28.69,15.4,290,281,tour_recorded
163,2022-08-11,Bike Ride,1.42,24.39,17.2,227,226,tour_recorded
164,2022-08-09,Bike Ride,1.94,28.13,14.5,324,324,tour_recorded
165,2022-08-05,Bike Ride,1.52,26.46,17.4,247,253,tour_recorded
166,2022-08-03,Bike Ride,2.24,37.05,16.5,255,270,tour_recorded
167,2022-07-26,Bike Ride,2.76,43.08,15.6,454,465,tour_recorded
168,2022-07-23,Bike Ride,2.01,34.9,17.4,299,300,tour_recorded
169,2022-07-22,גדרה תל גזר,2.7,45.4,16.8,527,530,tour_recorded
170,2022-07-20,Bike Ride,1.15,17.51,15.2,164,183,tour_recorded
171,2022-07-19,Bike Ride,1.28,23.29,18.3,207,202,tour_recorded
172,2022-07-17,Bike Ride,1.11,21.01,18.9,236,200,tour_recorded
173,2022-07-15,Bike Ride,2.41,39.71,16.5,355,317,tour_recorded
174,2022-07-13,Bike Ride,1.63,25.64,15.7,164,180,tour_recorded
175,2022-07-08,Bike Ride,1.29,22.94,17.9,219,221,tour_recorded
176,2022-07-06,Bike Ride,1.6,12.46,7.8,36,91,tour_recorded
177,2022-07-05,Bike Ride,1.28,21.05,16.5,188,195,tour_recorded
178,2022-06-25,Bike Ride,0.77,12.65,16.5,131,117,tour_recorded
179,2022-06-25,Bike Ride,1.57,24.97,15.9,194,186,tour_recorded
180,2022-06-24,Bike Ride,1.34,24.46,18.3,226,211,tour_recorded
181,2022-06-09,Bike Ride,1.0,15.93,16.0,189,188,tour_recorded
182,2022-06-07,Bike Ride,1.08,21.16,19.6,190,191,tour_recorded
183,2022-06-05,Bike Ride,1.45,23.74,16.3,205,211,tour_recorded
184,2022-06-04,Bike Ride,2.07,34.8,16.8,284,290,tour_recorded
185,2022-05-26,Bike Ride,1.1,21.19,19.3,191,197,tour_recorded
186,2022-05-21,Bike Ride,2.67,40.9,15.3,433,432,tour_recorded
187,2022-05-14,Bike Ride,2.55,40.56,15.9,397,395,tour_recorded
188,2022-05-11,Bike Ride,1.09,20.44,18.8,182,170,tour_recorded
189,2022-05-07,Bike Ride,2.43,31.38,12.9,236,269,tour_recorded
190,2022-04-26,Bike Ride,1.74,29.35,16.9,249,255,tour_recorded
191,2022-04-23,Bike Ride,2.41,37.16,15.4,313,309,tour_recorded
192,2022-04-22,Bike Ride,1.26,21.17,16.8,231,229,tour_recorded
193,2022-04-20,Bike Ride,3.03,39.1,12.9,404,1010,tour_recorded
194,2022-04-18,Bike Ride,2.05,32.91,16.1,206,210,tour_recorded
195,2022-04-17,Bike Ride,1.71,28.98,17.0,292,288,tour_recorded
196,2022-04-14,Bike Ride,2.66,37.26,14.0,360,383,tour_recorded
197,2022-04-08,Bike Ride,3.06,49.71,16.2,346,355,tour_recorded
198,2022-04-05,Bike Ride,2.06,37.28,18.1,293,299,tour_recorded
199,2022-04-02,Bike Ride,2.17,33.39,15.4,328,310,tour_recorded
200,2022-03-28,Bike Ride,1.45,22.57,15.5,192,196,tour_recorded
201,2022-03-26,Bike Ride,2.55,45.19,17.7,433,456,tour_recorded
202,2022-03-18,Bike Ride,1.38,22.39,16.3,149,152,tour_recorded
203,2022-03-17,Road Ride,0.68,16.7,24.6,91,84,tour_recorded
204,2022-03-10,Bike Ride,1.4,22.53,16.1,170,166,tour_recorded
205,2022-03-08,Bike Ride,2.4,37.43,15.6,296,293,tour_recorded
206,2022-03-05,Bike Ride,1.71,29.62,17.3,252,252,tour_recorded
207,2022-03-01,Bike Ride,2.0,10.71,5.4,64,102,tour_recorded
208,2022-02-18,Bike Ride,1.26,19.95,15.8,180,180,tour_recorded
209,2022-02-15,Bike Ride,1.4,25.58,18.2,279,264,tour_recorded
210,2022-02-12,Bike Ride,1.47,24.34,16.6,213,204,tour_recorded
211,2022-02-08,Bike Ride,1.42,23.13,16.3,223,206,tour_recorded
212,2022-01-25,Bike Ride,1.0,18.65,18.6,175,150,tour_recorded
213,2022-01-18,Bike Ride,1.01,19.06,18.9,190,180,tour_recorded
214,2022-01-10,Bike Ride,1.3,23.25,17.9,236,228,tour_recorded
215,2022-01-08,Bike Ride,2.87,49.1,17.1,443,442,tour_recorded
216,2022-01-07,Bike Ride,0.8,15.43,19.4,181,170,tour_recorded
217,2021-12-28,Bike Ride,1.4,26.99,19.2,280,263,tour_recorded
218,2021-12-27,Bike Ride,1.19,17.76,14.9,211,210,tour_recorded
219,2021-12-25,Bike Ride,2.23,37.11,16.7,305,310,tour_recorded
220,2021-12-24,Bike Ride,1.93,31.48,16.3,250,1014,tour_recorded
221,2021-12-18,Bike Ride,1.65,26.98,16.4,251,250,tour_recorded
222,2021-12-13,Bike Ride,1.27,20.46,16.1,125,171,tour_recorded
223,2021-12-11,Bike Ride,1.38,24.43,17.7,246,230,tour_recorded
224,2021-12-10,Bike Ride,1.66,27.57,16.6,265,252,tour_recorded
225,2021-12-04,Bike Ride,1.92,31.05,16.2,272,277,tour_recorded
226,2021-11-27,Road Ride,2.73,61.74,22.6,461,473,tour_recorded
227,2021-11-26,Bike Ride,1.15,19.87,17.2,219,168,tour_recorded
228,2021-11-19,Bike Ride,1.69,29.69,17.5,243,221,tour_recorded
229,2021-11-16,Hike,1.09,16.07,14.8,127,125,tour_recorded
230,2021-11-15,Bike Ride,1.07,19.86,18.6,169,165,tour_recorded
231,2021-11-13,Bike Ride,4.06,78.51,19.3,289,931,tour_recorded
232,2021-11-11,Bike Ride,1.25,8.22,6.6,55,71,tour_recorded
233,2021-11-09,Bike Ride,1.99,33.77,17.0,255,247,tour_recorded
234,2021-11-08,Bike Ride,1.26,21.78,17.3,157,154,tour_recorded
235,2021-11-06,Bike Ride,2.06,32.5,15.8,261,272,tour_recorded
236,2021-11-05,Bike Ride,1.25,21.66,17.3,98,93,tour_recorded
237,2021-11-04,Bike Ride,1.3,21.07,16.3,178,176,tour_recorded
238,2021-11-02,Bike Ride,1.29,19.84,15.4,216,225,tour_recorded
239,2021-11-01,Bike Ride,1.47,21.86,14.8,168,173,tour_recorded
240,2021-10-30,Bike Ride,1.9,31.96,16.9,239,240,tour_recorded
241,2021-10-29,Bike Ride,1.37,23.78,17.3,185,184,tour_recorded
242,2021-10-27,Bike Ride,1.13,18.44,16.3,109,120,tour_recorded
243,2021-10-26,Bike Ride,1.23,20.49,16.6,184,177,tour_recorded
244,2021-10-22,Bike Ride,0.73,12.58,17.1,98,92,tour_recorded
245,2021-10-21,Bike Ride,1.18,21.65,18.3,188,180,tour_recorded
246,2021-10-18,Bike Ride,1.2,22.08,18.5,155,162,tour_recorded
247,2021-10-16,גדרה בית גמל 16.10.21,3.86,60.98,15.8,712,689,tour_recorded
248,2021-10-11,Bike Ride,1.28,20.36,15.9,135,147,tour_recorded
249,2021-10-10,עוד בוקר קסום 10.10.21,1.24,21.83,17.6,177,171,tour_recorded
250,2021-10-09,צצראדדש יםםת 95הכחBike Ride 09.10.2021 09:21,1.68,21.19,12.6,289,284,tour_recorded
251,2021-10-07,Bike Ride 07.10.2021 07:33,1.26,21.4,17.0,192,184,tour_recorded
252,2021-10-06,Bike Ride 06.10.2021 07:09,1.24,18.94,15.2,168,182,tour_recorded
253,2021-09-28,Bike Ride 28.09.2021 08:38,2.11,32.16,15.2,244,260,tour_recorded
254,2021-09-27,Bike Ride 27.09.2021 07:39,1.18,21.41,18.1,204,206,tour_recorded
255,2021-09-26,Bike Ride 26.09.2021 11:00,3.29,47.89,14.6,608,620,tour_recorded
256,2021-09-21,Bike Ride 21.09.2021 07:54,1.36,20.74,15.3,237,154,tour_recorded
257,2021-09-18,Bike Ride 18.09.2021 08:44,2.29,16.13,7.0,155,139,tour_recorded
258,2021-09-16,Road Ride 16.09.2021 09:02,2.27,47.06,20.8,394,399,tour_recorded
259,2021-09-14,Bike Ride 14.09.2021 07:46,1.46,25.2,17.2,200,212,tour_recorded
260,2021-09-13,Bike Ride 13.09.2021 07:34,1.24,22.0,17.7,184,180,tour_recorded
261,2021-09-11,Bike Ride 11.09.2021 08:58,2.49,39.03,15.7,302,304,tour_recorded
262,2021-09-09,Bike Ride 09.09.2021 07:38,1.29,22.53,17.5,183,168,tour_recorded
263,2021-09-06,Bike Ride 06.09.2021 08:15,1.96,30.13,15.4,311,319,tour_recorded
264,2021-09-05,Bike Ride 05.09.2021 07:32,1.25,21.71,17.4,181,166,tour_recorded
265,2021-08-30,Bike Ride 30.08.2021 09:50,1.68,26.97,16.0,298,287,tour_recorded
266,2021-08-27,Bike Ride 27.08.2021 08:40,2.19,34.64,15.8,214,220,tour_recorded
267,2021-08-25,Climbing Tour 25.08.2021 07:07,1.62,28.36,17.5,336,341,tour_recorded
268,2021-08-21,Bike Ride 21.08.2021 08:24,2.19,36.0,16.4,341,345,tour_recorded
269,2021-08-20,Bike Ride 20.08.2021 08:30,1.89,31.42,16.6,246,249,tour_recorded
270,2021-08-18,Bike Ride 18.08.2021 07:00,1.24,17.94,14.5,163,183,tour_recorded
271,2021-08-17,Bike Ride 17.08.2021 07:15,1.63,29.6,18.1,279,232,tour_recorded
272,2021-08-15,Bike Ride 15.08.2021 07:27,1.19,22.13,18.5,306,270,tour_recorded
273,2021-08-14,Bike Ride 14.08.2021 08:01,1.0,14.62,14.7,172,130,tour_recorded
274,2021-08-11,Bike Tour 11.08.2021 07:26,1.38,23.8,17.3,274,184,tour_recorded
275,2021-08-10,Bike Ride 10.08.2021 07:33,1.65,26.16,15.9,284,180,tour_recorded
276,2021-08-07,Bike Ride 07.08.2021 07:09,1.26,20.59,16.3,282,208,tour_recorded
277,2021-08-06,Bike Ride 06.08.2021 07:50,1.95,29.91,15.3,292,231,tour_recorded
278,2021-08-04,Bike Ride 04.08.2021 07:49,1.44,22.76,15.8,215,221,tour_recorded
279,2021-08-03,Bike Ride 03.08.2021 06:59,1.52,22.51,14.8,213,205,tour_recorded
280,2021-07-30,Bike Ride 30.07.2021 07:26,1.5,21.35,14.2,234,237,tour_recorded
281,2021-07-28,Bike Ride 28.07.2021 07:18,1.41,22.12,15.7,255,265,tour_recorded
282,2021-07-27,Bike Ride 27.07.2021 06:56,0.93,14.65,15.8,109,119,tour_recorded
283,2021-07-24,Bike Ride 24.07.2021 09:10,2.25,32.49,14.4,301,299,tour_recorded
284,2021-07-19,Bike Ride 19.07.2021 07:07,1.37,22.41,16.4,229,227,tour_recorded
285,2021-07-17,צוות גדדBike Ride 17.07.2021 07:48,1.35,20.37,15.1,166,162,tour_recorded
286,2021-07-15,Bike Ride 15.07.2021 07:51,1.37,21.67,15.8,197,198,tour_recorded
287,2021-07-13,Bike Ride 13.07.2021 07:08,1.11,15.34,13.8,67,99,tour_recorded
288,2021-07-11,Bike Ride 11.07.2021 07:24,1.3,21.29,16.4,153,151,tour_recorded
289,2021-07-09,Bike Ride 09.07.2021 06:47,1.24,19.63,15.9,141,139,tour_recorded
290,2021-07-07,Bike Ride 07.07.2021 07:25,1.26,19.83,15.8,177,166,tour_recorded
291,2021-07-05,Bike Ride 05.07.2021 07:20,1.36,19.62,14.4,178,179,tour_recorded
292,2021-07-04,Bike Ride 04.07.2021 07:48,1.25,19.61,15.7,187,187,tour_recorded
293,2021-06-29,Bike Ride 29.06.2021 07:46,1.23,19.62,15.9,164,158,tour_recorded
294,2021-06-27,Bike Ride 27.06.2021 07:30,0.92,13.55,14.8,114,111,tour_recorded
295,2021-06-23,Bike Ride 23.06.2021 19:16,0.71,12.84,18.0,98,100,tour_recorded
296,2021-03-28,Bike Ride 28.03.2021 10:35,2.65,41.42,15.6,303,304,tour_recorded
297,2021-03-27,Bike Ride 27.03.2021 13:31,1.3,22.27,17.2,204,199,tour_recorded
298,2021-03-21,Bike Ride 21.03.2021 16:24,1.31,21.54,16.5,233,234,tour_recorded
299,2021-03-19,Bike Ride 19.03.2021 09:30,2.34,36.75,15.7,261,276,tour_recorded
300,2021-03-17,Bike Ride 17.03.2021 09:50,2.25,32.8,14.6,282,299,tour_recorded
301,2021-03-13,Bike Ride 13.03.2021 09:36,2.13,31.21,14.7,268,265,tour_recorded
302,2021-03-10,Bike Ride 10.03.2021 09:47,2.11,31.72,15.0,210,220,tour_recorded
303,2021-03-07,Bike Ride 07.03.2021 12:30,1.12,20.1,18.0,159,158,tour_recorded
304,2021-03-03,Bike Ride 03.03.2021 08:46,1.27,21.25,16.8,179,177,tour_recorded
305,2021-03-02,Bike Ride 02.03.2021 07:27,1.13,18.68,16.6,115,114,tour_recorded
306,2021-03-01,Bike Ride 01.03.2021 07:36,1.29,21.5,16.7,170,169,tour_recorded
307,2021-02-27,Bike Ride 27.02.2021 09:12,1.89,28.75,15.2,294,294,tour_recorded
308,2021-02-26,Bike Ride 26.02.2021 08:59,1.05,19.96,18.9,139,144,tour_recorded
309,2021-02-24,Bike Ride 24.02.2021 11:22,2.98,38.36,12.9,233,227,tour_recorded
310,2021-02-22,Bike Ride 22.02.2021 13:48,1.07,19.65,18.3,144,150,tour_recorded
311,2021-02-22,Bike Ride 22.02.2021 08:31,0.6,9.87,16.5,90,87,tour_recorded
312,2021-02-16,Bike Ride 16.02.2021 07:23,0.97,17.47,18.0,120,134,tour_recorded
313,2021-02-12,Bike Ride 12.02.2021 09:45,2.71,41.17,15.2,422,417,tour_recorded
314,2021-02-09,Bike Ride 09.02.2021 07:56,1.37,21.17,15.4,160,154,tour_recorded
315,2021-02-06,Bike Ride 06.02.2021 10:54,2.31,42.17,18.2,308,312,tour_recorded
316,2021-02-02,Bike Ride 02.02.2021 07:22,0.93,15.17,16.2,111,123,tour_recorded
317,2021-02-01,Bike Ride 01.02.2021 13:59,1.18,20.92,17.7,164,162,tour_recorded
318,2021-01-28,Bike Ride 28.01.2021 07:48,0.98,15.16,15.5,114,115,tour_recorded
319,2021-01-26,Bike Ride 26.01.2021 07:26,0.97,17.15,17.6,153,151,tour_recorded
320,2021-01-26,Bike ride,1.0,17.24,17.3,158,153,tour_recorded
321,2021-01-23,Bike Ride 23.01.2021 08:13,1.41,21.6,15.3,166,156,tour_recorded
322,2021-01-16,Bike Ride 16.01.2021 08:48,1.37,20.49,15.0,144,138,tour_recorded
323,2021-01-12,Bike Ride 12.01.2021 08:01,1.43,20.61,14.4,155,153,tour_recorded
324,2021-01-11,Bike Ride 11.01.2021 07:59,1.36,22.53,16.5,162,164,tour_recorded
325,2021-01-10,Bike Ride 10.01.2021 08:45,1.19,21.55,18.1,172,169,tour_recorded
326,2021-01-08,Bike Ride 08.01.2021 08:46,1.92,30.32,15.8,212,213,tour_recorded
327,2021-01-01,Bike Ride 01.01.2021 09:34,2.19,33.97,15.5,244,237,tour_recorded
328,2020-12-26,Bike Ride 26.12.2020 09:23,2.39,34.19,14.3,192,182,tour_recorded
329,2020-12-22,Bike Ride 22.12.2020 07:27,0.99,14.64,14.7,107,118,tour_recorded
330,2020-12-15,Bike Ride 15.12.2020 09:40,2.33,30.56,13.1,190,191,tour_recorded
331,2020-12-14,Bike Ride 14.12.2020 13:39,1.98,33.05,16.7,347,330,tour_recorded
332,2020-12-13,Bike Ride 13.12.2020 07:36,1.2,21.94,18.3,188,186,tour_recorded
333,2020-12-12,Bike Ride 12.12.2020 09:23,2.27,35.46,15.6,270,260,tour_recorded
334,2020-12-08,Bike Ride 08.12.2020 07:39,1.2,18.51,15.5,123,118,tour_recorded
335,2020-12-04,ףף¹זזBike Ride 04.12.2020 09:45,2.6,41.23,15.9,296,300,tour_recorded
336,2020-12-01,Bike Ride 01.12.2020 07:17,0.77,12.95,16.9,100,94,tour_recorded
337,2020-11-30,Bike Ride 30.11.2020 13:12,1.22,19.72,16.2,174,173,tour_recorded
338,2020-11-28,Bike Ride 28.11.2020 08:45,1.7,24.91,14.7,182,189,tour_recorded
339,2020-11-24,Bike Ride 24.11.2020 07:00,1.11,18.68,16.9,121,134,tour_recorded
340,2020-11-20,Bike Ride 20.11.2020 09:10,2.73,39.89,14.6,233,238,tour_recorded
341,2020-11-18,Bike Ride 18.11.2020 07:13,1.24,16.73,13.5,108,118,tour_recorded
342,2020-10-31,t Bike Ride 31.10.2020 09:01,3.03,46.32,15.3,424,417,tour_recorded
343,2020-10-30,Bike Ride 30.10.2020 08:04,2.06,35.99,17.5,264,259,tour_recorded
344,2020-10-27,Bike Ride 27.10.2020 07:10,1.11,17.13,15.4,93,113,tour_recorded
345,2020-10-24,Bike Ride 24.10.2020 08:55,2.33,36.66,15.7,252,246,tour_recorded
346,2020-10-21,Bike Ride 21.10.2020 11:54,2.53,38.74,15.3,299,313,tour_recorded
347,2020-10-20,Bike Ride 20.10.2020 07:26,1.13,17.89,15.9,195,190,tour_recorded
348,2020-10-17,Bike Ride 17.10.2020 08:39,2.23,35.4,15.9,224,235,tour_recorded
349,2020-10-13,Bike Ride 13.10.2020 07:37,1.36,21.97,16.2,149,152,tour_recorded
350,2020-10-09,Bike Ride 09.10.2020 08:34,1.91,29.72,15.6,255,262,tour_recorded
351,2020-10-08,Bike Ride 08.10.2020 08:46,2.06,35.22,17.1,234,233,tour_recorded
352,2020-10-06,Bike Ride 06.10.2020 08:15,1.88,28.97,15.4,200,200,tour_recorded
353,2020-10-03,Bike Ride 03.10.2020 10:49,3.11,53.42,17.2,372,363,tour_recorded
354,2020-10-02,Hike 02.10.2020 09:12,1.25,16.33,13.1,159,114,tour_recorded
355,2020-10-01,Bike Ride 01.10.2020 07:59,1.39,17.54,12.6,114,112,tour_recorded
356,2020-09-28,Bike Ride 28.09.2020 08:09,1.7,29.33,17.3,211,205,tour_recorded
357,2020-09-25,גדרה נס-ציונה וחזרה 25.09.2020 18:56,2.5,44.06,17.6,436,435,tour_recorded
358,2020-09-19,גדרה למטוס וחזרה 19.9.20,1.7,35.67,20.9,318,311,tour_recorded
359,2020-09-17,Bike Ride 17.09.2020 08:28,1.67,19.37,11.6,141,144,tour_recorded
360,2020-09-16,Bike Ride 16.09.2020 09:09,2.42,41.04,16.9,264,258,tour_recorded
361,2020-09-14,אין Bike Ride 14.09.2020 07:34,1.17,21.24,18.2,171,170,tour_recorded
362,2020-09-07,Bike Ride 07.09.2020 07:15,1.2,21.27,17.8,151,155,tour_recorded
363,2020-08-30,Bike Ride 30.08.2020 08:27,2.14,36.58,17.1,243,236,tour_recorded
364,2020-08-28,Bike Ride 28.08.2020 08:26,2.0,34.44,17.2,268,272,tour_recorded
365,2020-08-27,Bike Ride 27.08.2020 09:11,2.16,25.6,11.9,221,227,tour_recorded
366,2020-08-25,Bike Ride 25.08.2020 11:09,2.54,37.38,14.7,223,225,tour_recorded
367,2020-08-20,Bike Ride 20.08.2020 09:15,0.48,9.73,20.4,26,75,tour_recorded
368,2020-08-19,Bike Ride 19.08.2020 09:10,1.88,22.04,11.7,171,170,tour_recorded
369,2020-08-18,".""@×@×@×=@@×=@@@@×#'dss""Bike Ride 18.08.2020 08:39",1.86,31.19,16.8,249,255,tour_recorded
370,2020-08-15,Bike Ride 15.08.2020 10:10,2.66,41.72,15.7,208,214,tour_recorded
371,2020-08-14,Bike Ride 14.08.2020 09:21,2.11,32.05,15.2,240,240,tour_recorded
372,2020-08-12,Bike Ride 12.08.2020 08:54,1.61,20.52,12.7,137,138,tour_recorded
373,2020-08-09,Bike Ride 09.08.2020 08:14,1.79,31.89,17.8,174,177,tour_recorded
374,2020-08-07,Bike Ride 07.08.2020 09:21,2.09,35.71,17.1,223,228,tour_recorded
375,2020-08-06,Bike Ride 06.08.2020 08:32,1.34,18.25,13.6,127,120,tour_recorded
376,2020-08-05,Bike Ride 05.08.2020 08:14,1.24,21.26,17.1,133,132,tour_recorded
377,2020-08-03,Bike Ride 03.08.2020 08:12,1.78,33.7,18.9,186,182,tour_recorded
378,2020-08-01,"Bike Ride מ ע4343434אוכ""כ עכ""כ 01.08.2020 09:40",2.4,34.96,14.6,261,273,tour_recorded
379,2020-07-31,Bike Ride 31.07.2020 09:28,1.87,25.09,13.4,507,501,tour_recorded
380,2020-07-25,Bike Ride 25.07.2020 09:16,0.96,15.61,16.2,109,59,tour_recorded
381,2020-07-25,Bike Ride 25.07.2020 07:54,0.55,8.72,15.8,27,40,tour_recorded
382,2020-07-25,Bike Ride 25.07.2020 07:12,0.67,9.93,14.9,35,89,tour_recorded
383,2020-07-23,Bike Ride 23.07.2020 07:57,1.48,24.49,16.6,127,146,tour_recorded
384,2020-07-21,Bike Ride 21.07.2020 08:03,1.79,31.3,17.5,168,173,tour_recorded
385,2020-07-20,Bike Ride 20.07.2020 07:44,1.41,22.34,15.8,153,147,tour_recorded
386,2020-07-17,Bike Ride 17.07.2020 09:12,1.89,31.06,16.4,174,178,tour_recorded
387,2020-07-10,Bike Ride 10.07.2020 09:10,1.89,24.78,13.1,446,461,tour_recorded
388,2020-07-09,Bike Ride 09.07.2020 08:07,1.81,32.46,18.0,178,178,tour_recorded
389,2020-07-07,Bike Ride 07.07.2020 09:11,1.92,31.52,16.4,177,183,tour_recorded
390,2020-07-04,Bike Ride 04.07.2020 10:45,2.35,29.67,12.6,436,439,tour_recorded
391,2020-07-03,Bike Ride 03.07.2020 09:23,2.16,34.36,15.9,242,241,tour_recorded
392,2020-06-27,Bike Ride 27.06.2020 09:15,1.79,29.5,16.4,191,189,tour_recorded
393,2020-06-26,Bike Ride 26.06.2020 08:43,1.86,30.95,16.7,192,191,tour_recorded
394,2020-06-24,Bike Ride 24.06.2020 09:55,2.72,44.85,16.5,374,379,tour_recorded
395,2020-06-20,Bike Ride 20.06.2020 09:28,2.15,33.38,15.5,213,214,tour_recorded
396,2020-06-13,Bike Ride 13.06.2020 09:46,2.42,40.18,16.6,322,343,tour_recorded
397,2020-06-10,Bike Ride 10.06.2020 08:07,1.62,27.95,17.3,227,235,tour_recorded
398,2020-06-08,Bike Ride 08.06.2020 07:11,1.17,21.67,18.5,161,160,tour_recorded
399,2020-06-07,Bike Ride 07.06.2020 07:32,1.19,21.68,18.2,151,144,tour_recorded
400,2020-06-03,Bike Ride 03.06.2020 10:34,1.72,27.61,16.0,241,239,tour_recorded
401,2020-06-01,Bike Ride 01.06.2020 07:07,1.09,19.92,18.3,172,164,tour_recorded
402,2020-05-31,Bike Ride 31.05.2020 07:41,1.17,19.81,16.9,132,133,tour_recorded
403,2020-05-28,Bike Ride 28.05.2020 08:49,1.18,13.61,11.6,162,222,tour_recorded
404,2020-05-25,5Bike Ride ה6ב6הוו 6ב6בהה6ה6ה 07:18  וכ 6בוו ה6הה6בהוההבטה6כו טה6 בו הה6ה6הה6ה6ה6ס66 טהה6ה6הה6ה6ההו6ס6בוכ 6רוה6בטבאו 6הו טבט 6נ6 ה6,1.23,21.67,17.6,152,145,tour_recorded
405,2020-05-15,Bike Ride 15.05.2020 08:21,1.73,30.28,17.5,207,209,tour_recorded
406,2020-05-13,Bike Ride 13.05.2020 08:06,1.27,21.99,17.3,176,183,tour_recorded
407,2020-05-11,Nike 11.05.2020 21:41,2.01,34.27,17.0,185,221,tour_recorded
408,2020-05-11,Hike 11.05.2020 07:12,0.4,3.21,8.0,33,42,tour_recorded
409,2020-05-04,Bike Ride 04.05.2020 08:49,1.42,24.44,17.2,179,173,tour_recorded
410,2020-05-01,Bike Ride 01.05.2020 10:14,2.12,31.01,14.6,280,298,tour_recorded
411,2020-04-28,Bike Ride 28.04.2020 17:35,1.73,31.91,18.5,244,241,tour_recorded
412,2020-04-27,Bike Ride 27.04.2020 08:01,1.09,19.91,18.2,153,157,tour_recorded
413,2020-04-26,Bike Ride 26.04.2020 08:51,1.24,21.5,17.3,137,152,tour_recorded
414,2020-04-24,Bike Ride 24.04.2020 09:09,1.83,31.12,17.0,205,208,tour_recorded
415,2020-04-21,Bike Ride 21.04.2020 08:09,1.57,28.81,18.3,200,205,tour_recorded
416,2020-04-19,Bike Ride 19.04.2020 17:23,1.56,30.05,19.2,231,221,tour_recorded
417,2020-04-17,Bike Ride 17.04.2020 18:16,1.68,30.36,18.1,239,234,tour_recorded
418,2020-04-15,Bike Ride 15.04.2020 07:07,1.15,20.98,18.3,161,175,tour_recorded
419,2020-04-13,Bike Ride 13.04.2020 07:06,1.04,18.54,17.9,165,177,tour_recorded
420,2020-04-08,Bike Ride 08.04.2020 06:57,0.99,18.61,18.8,153,155,tour_recorded
421,2020-04-06,Bike Ride 06.04.2020 06:58,0.96,17.5,18.2,122,122,tour_recorded
422,2020-04-04,Bike Ride 04.04.2020 08:47,2.02,33.1,16.4,280,273,tour_recorded
423,2020-04-03,Bike Ride 03.04.2020 08:17,1.61,26.89,16.7,205,200,tour_recorded
424,2020-03-23,Bike Ride 23.03.2020 10:15,1.18,22.34,19.0,190,196,tour_recorded
425,2020-03-22,Bike Ride 22.03.2020 17:35,1.41,28.27,20.1,256,254,tour_recorded
426,2020-03-11,Bike Ride 11.03.2020 12:07,1.68,25.53,15.2,507,486,tour_recorded
427,2020-03-05,Bike Ride 05.03.2020 07:13,1.4,28.71,20.5,222,227,tour_recorded
428,2020-03-03,Bike Ride 03.03.2020 07:02,1.34,26.07,19.5,157,164,tour_recorded
429,2020-02-29,Bike Ride 29.02.2020 14:08,1.51,22.46,14.9,201,195,tour_recorded
430,2020-02-19,Bike Ride 19.02.2020 11:57,0.69,12.34,18.0,83,85,tour_recorded
431,2020-02-18,Bike Ride 18.02.2020 07:02,1.22,24.05,19.7,191,194,tour_recorded
432,2020-02-16,Bike Ride 16.02.2020 07:28,0.85,15.98,18.8,128,118,tour_recorded
433,2020-01-29,Bike Ride 29.01.2020 13:18,1.53,20.83,13.6,432,392,tour_recorded
434,2020-01-15,Bike Ride 15.01.2020 13:22,1.14,17.83,15.6,148,142,tour_recorded
435,2020-01-01,Bike Ride 01.01.2020 13:53,1.62,26.6,16.4,199,210,tour_recorded
436,2019-12-29,Bike Ride 29.12.2019 13:59,1.91,23.96,12.6,490,489,tour_recorded
437,2019-12-21,Bike Ride 21.12.2019 10:25,1.89,30.7,16.2,210,217,tour_recorded
438,2019-12-19,Bike Ride 19.12.2019 07:10,1.47,27.84,18.9,172,171,tour_recorded
439,2019-12-17,Bike Ride 17.12.2019 07:06,1.26,24.53,19.5,145,150,tour_recorded
440,2019-12-13,Bike Ride 13.12.2019 09:22,1.07,13.86,13.0,88,91,tour_recorded
441,2019-12-07,Bike Ride 07.12.2019 09:54,1.69,24.51,14.5,502,481,tour_recorded
442,2019-12-05,Road Ride 05.12.2019 07:18,1.1,23.32,21.2,139,134,tour_recorded
443,2019-12-03,Bike Ride 03.12.2019 07:20,1.41,27.96,19.8,177,171,tour_recorded
444,2019-11-22,Bike Ride 22.11.2019 09:28,1.4,25.66,18.4,180,163,tour_recorded
445,2019-11-20,Bike Ride 20.11.2019 11:15,1.74,23.8,13.7,472,468,tour_recorded
446,2019-11-17,Bike Ride 17.11.2019 07:24,1.05,19.68,18.7,133,129,tour_recorded
447,2019-11-15,Bike Ride 15.11.2019 09:24,1.63,26.15,16.0,146,147,tour_recorded
448,2019-11-11,Tour 11.11.2019 07:28,0.74,13.52,18.2,111,119,tour_recorded
449,2019-11-09,Tour 09.11.2019 10:02,1.72,21.63,12.6,337,361,tour_recorded
450,2019-11-06,ףטאTour 06.11.2019 08:49,1.4,25.61,18.3,184,176,tour_recorded
451,2019-11-04,Tour 04.11.2019 07:25,1.09,19.6,17.9,121,125,tour_recorded
452,2019-11-01,Tour 01.11.2019 09:28,2.25,36.85,16.3,227,226,tour_recorded
453,2019-10-19,Tour 19.10.2019 10:20,0.6,5.25,8.7,161,80,tour_recorded
454,2019-10-18,Tour 18.10.2019 07:51,1.1,18.31,16.6,118,162,tour_recorded
455,2019-10-14,Tour 14.10.2019 09:22,2.88,44.89,15.6,387,388,tour_recorded
456,2019-10-11,Tour 11.10.2019 08:23,1.54,26.45,17.2,212,204,tour_recorded
457,2019-10-10,Tour 10.10.2019 07:23,1.03,19.9,19.4,151,143,tour_recorded
458,2019-10-08,Tour 08.10.2019 07:26,1.14,19.6,17.1,130,135,tour_recorded
459,2019-10-04,Tour 04.10.2019 10:18,2.64,39.2,14.8,297,303,tour_recorded
460,2019-10-03,Tour 03.10.2019 07:18,1.05,19.87,18.9,138,134,tour_recorded
461,2019-09-26,Tour 26.09.2019 08:00,1.01,19.63,19.4,126,129,tour_recorded
462,2019-09-25,Tour 25.09.2019 07:06,1.14,19.56,17.2,133,134,tour_recorded
463,2019-09-24,Tour 24.09.2019 06:59,1.02,19.63,19.2,116,117,tour_recorded
464,2019-09-22,Tour 22.094554.2019 07:29,1.06,19.82,18.8,137,133,tour_recorded
465,2019-09-18,Tour 18.09.2019 07:12,1.38,26.49,19.2,168,172,tour_recorded
466,2019-09-17,Tour 17.09.2019 07:16,1.24,23.54,19.0,150,151,tour_recorded
467,2019-09-16,Tour 16.09.2019 07:11,1.08,19.89,18.4,138,135,tour_recorded
468,2019-08-24,Tour 24.08.2019 08:37,1.11,13.03,11.7,129,127,tour_recorded
469,2019-08-23,Tour 23.08.2019 09:33,2.29,37.2,16.3,227,228,tour_recorded
470,2019-08-19,Tour 19.08.2019 07:02,0.71,13.12,18.5,76,109,tour_recorded
471,2019-08-17,Tour 17.08.2019 10:04,2.12,35.44,16.7,342,264,tour_recorded
472,2019-08-16,Tour 16.08.2019 08:46,1.88,33.45,17.8,215,216,tour_recorded
473,2019-08-14,Tour 14.08.2019 07:35,1.09,19.82,18.1,140,145,tour_recorded
474,2019-08-10,Tour 10.08.2019 09:48,1.21,23.57,19.4,156,167,tour_recorded
475,2019-08-09,Tour 09.08.2019 08:55,1.73,27.67,16.0,185,177,tour_recorded
476,2019-08-07,Tour 07.08.2019 07:06,1.13,19.61,17.4,138,131,tour_recorded
477,2019-08-05,Tour 05.08.2019 07:00,0.69,12.34,17.8,30,42,tour_recorded
478,2019-08-03,Tour 03.08.2019 08:37,2.2,35.97,16.4,277,285,tour_recorded
479,2019-07-27,Tour 27.07.2019 08:55,1.19,11.12,9.3,158,138,tour_recorded
480,2019-07-26,Tour 26.07.2019 09:49,1.93,31.22,16.2,236,228,tour_recorded
481,2019-07-24,Tour 24.07.2019 07:14,1.29,25.55,19.8,148,159,tour_recorded
482,2019-07-23,Tour 23.07.2019 07:26,1.03,19.79,19.2,118,120,tour_recorded
483,2019-07-21,Tour 21.07.2019 07:22,1.07,19.41,18.1,151,155,tour_recorded
484,2019-07-20,Tour 20.07.2019 08:23,0.91,9.82,10.8,147,138,tour_recorded
485,2019-07-16,Tour 16.07.2019 06:56,1.04,19.8,19.0,128,134,tour_recorded
486,2019-07-15,Tour 15.07.2019 06:54,1.04,19.58,18.9,131,126,tour_recorded
487,2019-07-14,Tour 14.07.2019 08:14,1.38,23.79,17.3,145,150,tour_recorded
488,2019-07-12,Tour 12.07.2019 08:11,1.58,26.08,16.5,160,145,tour_recorded
489,2019-07-11,Tour 11.07.2019 08:21,1.07,19.88,18.6,148,141,tour_recorded
490,2019-07-10,Tour 10.07.2019 08:08,1.55,27.25,17.6,201,196,tour_recorded
491,2019-07-09,Tour 09.07.2019 20:00,1.09,17.94,16.5,93,99,tour_recorded
492,2019-06-27,Tour 27.06.2019 19:32,1.65,28.2,17.1,205,201,tour_recorded
493,2019-06-21,Tour 21.06.2019 08:56,1.57,14.83,9.5,294,299,tour_recorded
494,2019-06-19,Tour 19.06.2019 06:43,1.08,18.93,17.5,94,103,tour_recorded
495,2019-06-17,Tour 17.06.2019 06:48,1.07,19.92,18.6,147,144,tour_recorded
496,2019-06-15,Tour 15.06.2019 09:37,2.03,35.16,17.3,273,288,tour_recorded
497,2019-06-14,Tour 14.06.2019 09:14,1.46,14.86,10.2,249,263,tour_recorded
498,2019-06-12,Tour 12.06.2019 19:58,1.58,27.23,17.3,199,194,tour_recorded
499,2019-06-06,Tour 06.06.2019 07:05,1.04,19.56,18.8,133,132,tour_recorded
500,2019-06-04,Tour 04.06.2019 06:59,1.12,19.88,17.7,128,135,tour_recorded
501,2019-06-01,Tour 01.06.2019 09:22,1.91,33.43,17.5,208,254,tour_recorded
502,2019-05-31,Tour 31.05.2019 08:51,0.98,10.67,10.9,172,175,tour_recorded
503,2019-05-29,Tour 29.05.2019 08:29,1.56,26.25,16.9,190,193,tour_recorded
504,2019-05-25,Tour 25.05.2019 09:12,1.83,31.27,17.1,195,208,tour_recorded
505,2019-05-20,Tour 20.05.2019 07:04,1.08,19.83,18.3,123,119,tour_recorded
506,2019-05-18,Tour 18.05.2019 09:59,1.94,27.07,14.0,216,216,tour_recorded
507,2019-05-10,Tour 10.05.2019 16:52,1.98,36.67,18.5,188,179,tour_recorded
508,2019-05-08,Tour 08.05.2019 18:57,1.8,32.92,18.3,209,207,tour_recorded
509,2019-05-04,Tour 04.05.2019 09:55,1.28,12.69,9.9,212,234,tour_recorded
510,2019-05-03,Tour 03.05.2019 09:18,1.48,27.36,18.5,202,196,tour_recorded
511,2019-04-22,Tour 22.04.2019 14:48,1.35,25.37,18.7,152,153,tour_recorded
512,2019-04-20,Tour 20.04.2019 09:16,1.26,24.82,19.7,136,137,tour_recorded
513,2019-04-18,Tour 18.04.2019 10:05,1.36,25.03,18.3,139,144,tour_recorded
514,2019-04-15,Tour 15.04.2019 10:32,1.29,24.84,19.3,154,143,tour_recorded
515,2019-04-13,Tour 13.04.2019 10:56,2.28,32.97,14.5,217,218,tour_recorded
516,2019-04-11,Tour 11.04.2019 17:51,1.46,27.22,18.7,175,185,tour_recorded
517,2019-04-09,Tour 09.04.2019 10:01,1.15,19.89,17.3,137,134,tour_recorded
518,2019-04-06,Tour 06.04.2019 10:50,2.22,32.11,14.5,232,231,tour_recorded
519,2019-04-05,Tour 05.04.2019 10:02,2.07,28.17,13.6,242,243,tour_recorded
520,2019-03-27,Tour 27.03.2019 11:53,1.34,23.17,17.3,374,376,tour_recorded
521,2019-03-23,Tour 23.03.2019 10:34,2.08,33.06,15.9,245,255,tour_recorded
522,2019-03-22,Tel Hadid  short Shohm   22.03.2019 10:05,1.86,19.6,10.5,287,293,tour_recorded
523,2019-03-20,יער הקדושים 20.03.2019 11:13,1.35,20.61,15.3,388,363,tour_recorded
524,2019-03-13,Tour 13.03.2019 11:09,0.95,16.6,17.5,95,97,tour_recorded
525,2019-03-09,Tour 11.03.2019 06:25,0.89,10.9,12.2,111,125,tour_recorded
526,2019-03-08,Tour 08.03.2019 17:06,1.53,22.21,14.5,173,170,tour_recorded
527,2019-03-06,Tour 06.03.2019 13:48,1.73,29.76,17.2,211,209,tour_recorded
528,2019-02-23,Tour 23.02.2019 10:19,1.17,15.5,13.3,245,247,tour_recorded
529,2019-02-22,Tour 22.02.2019 09:52,1.34,18.29,13.6,152,152,tour_recorded
530,2019-02-13,Tour 13.02.2019 10:50,1.31,20.7,15.8,385,380,tour_recorded
531,2019-02-08,יער הקדושים דרך נוף דרומית חזרה בצפונית,1.64,23.8,14.5,461,460,tour_recorded
532,2019-02-02,Tour 02.02.2019 09:50,1.02,12.37,12.2,124,127,tour_recorded
533,2019-02-01,Tour 01.02.2019 10:10,0.82,11.52,14.1,99,32,tour_recorded
534,2019-01-26,למקורות וחזרה עם יעקב,1.96,27.63,14.1,188,187,tour_recorded
535,2019-01-25,Tour 25.01.2019 15:30,1.34,22.91,17.0,155,155,tour_recorded
536,2019-01-24,Tour 24.01.2019 14:37,1.15,17.99,15.7,126,126,tour_recorded
537,2019-01-12,Tour 12.01.2019 10:54,0.97,14.8,15.3,262,425,tour_recorded
538,2019-01-12,Tour 12.01.2019 08:47,0.75,5.75,7.7,198,0,tour_recorded
539,2019-01-05,Tour 05.01.2019 10:39,1.09,17.42,16.0,117,104,tour_recorded
540,2018-12-22,Tour 22.12.2018 16:58,1.9,28.28,14.9,189,192,tour_recorded
541,2018-12-15,Tour 15.12.2018 09:34,0.94,10.74,11.4,111,116,tour_recorded
542,2018-11-24,Tour 24.11.2018 10:29,1.97,27.06,13.8,491,507,tour_recorded
543,2018-11-22,Tour 22.11.2018 07:03,1.04,19.91,19.1,135,131,tour_recorded
544,2018-11-20,Tour 20.11.2018 06:50,0.86,14.38,16.7,99,99,tour_recorded
545,2018-11-10,Tour 10.11.2018 10:46,1.91,23.59,12.4,401,441,tour_recorded
546,2018-11-09,Tour 09.11.2018 16:08,1.1,19.88,18.1,141,139,tour_recorded
547,2018-11-03,חרובית 03.11.2018 12:28,2.55,44.5,17.5,423,417,tour_recorded
548,2018-10-30,Tour 30.10.2018 10:55,1.95,34.17,17.5,203,226,tour_recorded
549,2018-10-27,Tour 27.10.2018  חרובית,1.75,26.98,15.4,257,300,tour_recorded
550,2018-10-20,Tour 20.10.2018 10:24,1.73,22.17,12.8,289,278,tour_recorded
551,2018-10-19,Tour 19.10.2018 18:08,1.56,29.15,18.7,191,196,tour_recorded
552,2018-10-17,Tour 17.10.2018 11:33,1.74,31.36,18.1,226,229,tour_recorded
553,2018-08-25,Tour 25.08.2018 10:08,2.0,29.41,14.7,472,484,tour_recorded
554,2018-08-24,Tour 24.08.2018 09:01,1.43,25.33,17.7,151,150,tour_recorded
555,2018-08-22,Tour 22.08.2018 10:02,1.73,30.75,17.8,208,219,tour_recorded
556,2018-08-15,Tour 15.08.2018 11:29,1.77,33.91,19.2,278,272,tour_recorded
557,2018-08-12,Tour 12.08.2018 09:32,1.89,34.4,18.2,235,254,tour_recorded
558,2018-08-06,Tour 06.08.2018 10:13,1.73,32.15,18.5,221,222,tour_recorded
559,2018-08-03,Tour 03.08.2018 10:16,1.87,32.44,17.3,233,238,tour_recorded
560,2018-08-01,Tour 01.08.2018 09:29,1.33,22.06,16.6,157,166,tour_recorded
561,2018-07-30,Tour 30.07.2018 07:46,1.03,19.61,19.0,143,144,tour_recorded
562,2018-07-29,Tour 29.07.2018 10:46,2.16,35.08,16.2,309,329,tour_recorded
563,2018-07-27,Tour 27.07.2018 09:47,1.76,30.03,17.1,225,226,tour_recorded
564,2018-07-14,Tour 14.07.2018 09:18,1.43,14.87,10.4,223,222,tour_recorded
565,2018-07-07,Tour 07.07.2018 08:16,0.84,9.54,11.3,129,123,tour_recorded
566,2018-07-06,Tour 06.07.2018 10:04,2.47,44.21,17.9,397,397,tour_recorded
567,2018-07-03,Tour 03.07.2018 09:12,1.21,24.11,19.9,136,165,tour_recorded
568,2018-06-27,Tour 27.06.2018 08:10,1.12,22.34,19.9,195,237,tour_recorded
569,2018-06-26,Tour 26.06.2018 08:42,1.12,20.2,18.0,147,149,tour_recorded
570,2018-06-16,Tour 16.06.2018 09:16,1.34,18.08,13.5,157,172,tour_recorded
571,2018-06-09,Tour 09.06.2018 09:38,1.32,20.15,15.2,170,172,tour_recorded
572,2018-06-08,Tour 08.06.2018 10:38,2.01,35.11,17.5,262,275,tour_recorded
573,2018-06-05,Tour 05.06.2018 09:00,1.23,23.51,19.1,346,351,tour_recorded
574,2018-06-02,Tour 02.06.2018 09:07,1.3,24.28,18.6,200,194,tour_recorded
575,2018-06-01,Tour 01.06.2018 18:23,1.57,29.22,18.6,221,212,tour_recorded
576,2018-05-30,Tour 30.05.2018 13:01,1.06,19.84,18.7,141,126,tour_recorded
577,2018-05-28,Tour 28.05.2018 18:47,1.06,19.66,18.6,145,142,tour_recorded
578,2018-05-26,Tour 26.05.2018 09:06,1.34,14.76,11.0,112,100,tour_recorded
579,2018-05-19,Aqaba,0.86,3.31,3.8,20,22,tour_recorded
580,2018-05-12,00Tour 12.05.2018 09:28,0.69,18.84,27.4,56,107,tour_recorded
581,2018-05-11,Tour 11.05.2018 10:03,1.75,30.97,17.6,179,196,tour_recorded
582,2018-05-08,Tou22 21. 2 ז ז 22 2 ה הק2 קקקכצרכר3רככ תהץנ  נדק קק2221 212 2הנהדץr 08.05.2018 ץץ09:222184 33332333,1.17,18.37,15.7,140,152,tour_recorded
583,2018-05-04,Tour 04.05.2018 09:13,1.28,19.14,15.0,307,126,tour_recorded
584,2018-05-03,Tour 03.05.2018 08:24,1.18,20.94,17.8,153,158,tour_recorded
585,2018-04-30,Tour 18.12.2017 21:55 רכיבת שבילים לבנים קברות המכבים התחלה בליגד סנטר,1.03,15.41,14.9,194,188,tour_recorded
586,2018-04-28,Tour 28.04.2018 13:24,2.9,43.16,14.9,396,398,tour_recorded
587,2018-04-24,יסודות  24.04.2018 15:49,1.05,19.65,18.8,127,129,tour_recorded
588,2018-04-23,יסודות  23.04.2018 10:45,1.13,19.67,17.4,132,138,tour_recorded
589,2018-04-18,Tour 18.12.2017 21:55 רכיבת שבילים לבנים קברות המכבים התחלה בליגד סנטר,1.0,15.45,15.4,197,194,tour_recorded
590,2018-04-16,עליה למרר 16.04.2018 09:49,1.02,16.86,16.6,132,139,tour_recorded
591,2018-04-14,Tour 14.04.2018 10:43,1.84,32.76,17.8,238,240,tour_recorded
592,2018-04-13,Tour 13.04.2018 09:42,1.17,19.79,16.9,128,128,tour_recorded
593,2018-04-11,Tour 11.04.2018 12:29,1.61,27.86,17.3,207,195,tour_recorded
594,2018-04-09,מרר  09.04.2018,1.06,13.68,12.9,111,133,tour_recorded
595,2018-04-02,Tour 02.04.2018 12:06,2.91,41.82,14.3,733,275,tour_recorded
596,2018-03-31,Tour 31.03.2018 12:57,2.78,41.89,15.1,361,360,tour_recorded
597,2018-03-24,Tour 24.03.2018 11:03,1.36,15.81,11.6,239,241,tour_recorded
598,2018-03-20,Tour 20.03.2018 10:47,1.09,20.04,18.4,125,131,tour_recorded
599,2018-03-14,Tour 14.03.2018 13:31,1.12,19.63,17.5,121,119,tour_recorded
